Path,SHA256,Bytes
+obstacleAvoidance\planMovingTargetIntercept.m,819a90333e06a21016507ce1fe04b2c9248e753ce2cda9f9d5a15af47f120a8f,14937
+obstacleAvoidance\planTrajectory.m,242bcb5b841e86a69951e60dad7067dc2edf8a18d1832b3926371552b866e955,16075
+obstacleAvoidance\validateTrajectory.m,f0f06c8c062711a400944bb10bee06757f6ab538b1e352bf174f6dcf1de795b3,12791
+obstacleAvoidance\+geometry\boundaryToEdges.m,7e5cb6681bc2df5d8dc4ef62ce2ab7d7906a509bcdee25d051ace044c1ba54b8,3687
+obstacleAvoidance\+geometry\boundaryToShape.m,b5d770bdf82e893a6088908a8c075529e3a54bae4b045c4c512723ca5081cf16,2205
+obstacleAvoidance\+geometry\convexPolygonRegions.m,bf89eb6d59b22275663c28f5e535c566301b3605241bdd4deb7c92271c8edffd,18286
+obstacleAvoidance\+geometry\pointPolygonClearance.m,5c10722db26931e9169bae2842668ea29fddf3ffa74de65ba6809b2550b8b995,5988
+obstacleAvoidance\+geometry\routeLength.m,1063030811ab69c63795b5124b021eb7bc5e74daee2eb27fa8bbb758c110369d,1034
+obstacleAvoidance\+input\goalPositionAtTime.m,6fc5c2ac42b3fc57c99d12c727a64d8361dc764381f5f0d0eb6433c32d4e4acf,2343
+obstacleAvoidance\+input\normalizeLogicalScalar.m,f59167dbd548bdbf1e2263ac117ec0993d968bedd6b4be34151b912c7331df6b,2183
+obstacleAvoidance\+input\normalizePlannerRequest.m,9128214d12da32e539b90064efa62b96506d00dffc77a68b577d675952a323bf,5890
+obstacleAvoidance\+input\normalizePlannerState.m,42f2ab491c81d6da138aafd79f69ab19ed4c37d39bb38fadfe396703e59a5cdf,2031
+obstacleAvoidance\+input\resolveOptions.m,734ab0fab69a1ba604148d7e7787aa6ae5bc0c7c524071202c324ee13500b484,3111
+obstacleAvoidance\+input\resolvePlannerOptions.m,357a1101b9e575c2b26eea83b575a91f1bb1f35500ec35b0d556fdcfa10120e0,6315
+obstacleAvoidance\+input\throwIfCancellationRequested.m,0f61ac24071db9ee04c8b575f8ac633828239db28a05e2c58f9e4dabfbc3c3ac,1995
+obstacleAvoidance\+input\validatePlannerEndpoints.m,5954272b04cb17a421c0cae0fd39d1ffc8272214193cc4df435a669aa0a7dc23,4671
+obstacleAvoidance\+obstacles\combineObstacles.m,828a08637d422dff633f4bd8d72fec089263baa81e085201a1b7be48e7c839e8,3091
+obstacleAvoidance\+obstacles\createMovingObstacle.m,b4704aa04e92ff4682e09ab0c9c2c6f09e5c5d86ebc771ea2a35f5fb3ad5ef1c,6321
+obstacleAvoidance\+obstacles\createObstacle.m,5cb003810453e0c1f1520d8477fc3b81ececdd5bb5fdea90914f817031f25318,16549
+obstacleAvoidance\+obstacles\createStaticPlanningProjection.m,79f51b7f42edd1a19714e330eb28c38151fa1ee3c064171436955a828b29751c,4985
+obstacleAvoidance\+obstacles\prepareDynamic.m,3851d1606d4d7ddee2f166678bcdb23a93d2035f24dd877942c6bc3d27fad59c,3396
+obstacleAvoidance\+obstacles\prepareOneObstacle.m,e09e99d86cbc0a32aec2d66817ff12941a5a0f35574a29882d1bd2bb6d086946,15314
+obstacleAvoidance\+obstacles\preparePlanningScene.m,ae09219fa0468a6fda89de9bcb42c54d86883d393e82917b89c7d819bf179b92,4188
+obstacleAvoidance\+obstacles\queryObstacleOccupancyAtTime.m,b42e36b9badfb24281f049d6c4d1e102112a0e335a67ebb57c7cbe9541f59d98,9100
+obstacleAvoidance\+obstacles\queryStaticHorizon.m,149dc56b68670444a402257716622d5e3d7595a853b2f9312097abf9bccb2f02,2497
+obstacleAvoidance\+obstacles\shapeAtTime.m,3625849c64a9ce88df9cb8388aef5fc55db8a6d752e9774364619cd6a9fad478,6159
+obstacleAvoidance\+planner\checkCandidateMotion.m,79af808cfe5b9bce5d12e3efd83e8e94b2cf4f222d4f4a74dc0c5a21af5c4513,3306
+obstacleAvoidance\+planner\createCandidateSummary.m,6b55f874275d48bcc817c2c390951ec36f32cc9f46a939aa2861f1c43276e63f,4052
+obstacleAvoidance\+planner\createDirectWaitMotion.m,cef76079ad763b46a380a4a3bfb49f29dd833994770a7d203ec83a2b4e0957a3,10268
+obstacleAvoidance\+planner\createEmptyResult.m,271a55e0d0837bf60accc450c7913e0144d345e466562fa3001239df9816fea6,5415
+obstacleAvoidance\+planner\createFixedClockLateralExcursion.m,61c1b58e99e437da5a380025c58e5feb31598fbfde122230bf17961c48398223,22030
+obstacleAvoidance\+planner\createFixedKernelGoalState.m,34f18071f273543f19baed925bb0142373ef22de9d4543923af15b203ac7031a,2097
+obstacleAvoidance\+planner\createRuckigWaypointMotion.m,5bd70c66f0bc98bc43b099bafd78005765c142dfd627d4e7258bbf865f5838ba,10171
+obstacleAvoidance\+planner\findEarliestLinearIntercept.m,944fb1b0362ed1877abbd9bbe809df0ab0b1446be9019256391c00a740d5a036,13351
+obstacleAvoidance\+planner\recoverAdditionalSeeds.m,c05a2d0a8bbe7572663242cf60b1c8946abc90d1c6fa06a58ad84308b8d3ee51,5729
+obstacleAvoidance\+planner\selectValidatedCandidate.m,a85050187d6456671b8c2d3d2bdbc2317349fd77ce9879e8e08e3f8e23f6b5bc,5139
+obstacleAvoidance\+planner\solveBmtpTrajectory.m,b9ca09b6bdb78bcf1e1462cf87cccf67d2096dd2e578036939fd52a3a5cc0f3d,7446
+obstacleAvoidance\+planner\solveDynamicSeed.m,f179797c005d9e0d68e2b36f95ed3845de1a5c3a5bdf955d05fa1fc57acd8c46,9481
+obstacleAvoidance\+planner\solveExactCandidates.m,76d429838fc94bdb623a439b299fba12f9fd7281c48b05b37d72ac6028aef3f3,11297
+obstacleAvoidance\+planner\solveOneSeed.m,39cdd7c8975494dd27c1abf18679b9381eeecdbd28ead223458a3f60944f24a2,9316
+obstacleAvoidance\+planner\solveTimedBmtpTrajectory.m,9763a5e6db8e311669e0e4f3a775881521336d31e88ad8cf1168680dccfe6558,11541
+obstacleAvoidance\+planner\stageTiming.m,e1dc28a2babeca5382be9c74cfc210103dc57ca8d60df28e2e11c64c1c7768f6,3838
+obstacleAvoidance\+plotting\createWrappedSpatialPath.m,653473f99b409a571ed92f8c504eec047809848234eb225ba3b475db736b3f2e,4238
+obstacleAvoidance\+plotting\plotTrajectory.m,4a81a0fbaf3e0e2e32ecc8031befe30161bf8ba221847a809f5a9c71ef5ac9b6,20604
+obstacleAvoidance\+search\checkVisibilitySegments.m,c7abd97633918494f3ccb5736dcaec9652df1c7e76c828265fa9b06fb849857d,3621
+obstacleAvoidance\+search\createProposalGeometry.m,bab71aa3494415472bcf6d6ee14bdaa5b8e59f6f91c7b570e786a0f1bdfa7103,5364
+obstacleAvoidance\+search\createSearchDiagnostics.m,76a2d7e9fd2d7fcd57d4a37f19125c9ef629d0a152f6f9db1b13e94add38583d,8867
+obstacleAvoidance\+search\createSeed.m,b981770434599e5bc6cbe72ad1073dd287990bee25c93356159d86087cd39b1b,1146
+obstacleAvoidance\+search\createSeeds.m,b5b338e93f3c1d67f54ce867446d881b6481f9e0343b0b863b5df53c49d74948,5318
+obstacleAvoidance\+search\createVisibilityAttempt.m,232bbc7052ddad66ed4cd3f30689f24ebdd141048495ad74599e97f0c9dcd2a5,11724
+obstacleAvoidance\+search\createVisibilityGraph.m,6f81e7448914f5078f9ae02ba247d39312e817609edf5afe6b89af5affd36f37,6201
+obstacleAvoidance\+search\denseSweptEnvelope.m,d65b59591200924dec86bc8dd7684163d06beb382f95420491f19d07abeed5d8,4286
+obstacleAvoidance\+search\searchDistinctSpatialRoutes.m,0c39b16f3fbca5bbe1bf797cff771177aae1aaf56aeb0df837d3869314901199,14129
+obstacleAvoidance\+search\searchRoutes.m,f545ebb9f75037a66b7f6a3983db926473cdcaa1ce4f09af41777d6e4c66980f,8350
+obstacleAvoidance\+search\timeExpandedVisibilitySearch.m,af99156d3f75d08be92dd3c94cc5e9066045b2a26c0746e7da185c9fb4b6243e,14838
+obstacleAvoidance\+validation\certifyPolynomialRange.m,374c4afbf4a553aab792e8527abd9fa9024a553f687dcbfc35c06b515e29c724,6235
+obstacleAvoidance\+validation\certifySeedCorridor.m,8d766958b150f133d37097e6921e2c3c26ab460aab9c26045ff8a8132ff7dd91,7494
+obstacleAvoidance\+validation\checkObstacleClearance.m,a797e01d6f035471559999c83e68ad856559b5f6b4890641b2f19e7bdbacfc30,27331
+obstacleAvoidance\+validation\validatePolynomialTrajectory.m,96ff507807c381694faaa031913ac3929f40fb134f70c31b98ae20533ebea5e2,10707
trajectory\planTrajRuckig.m,fd80c091c3da924172585086257aea1c7ef8ac73465ab7bc8eec05482772efef,2246
trajectory\+bmtpEngine\checkFinalMotion.m,eef9cebbacb1a0d9b2582fb152d60fe4ac1b1533eb2881bb677ee221c2a1e9a6,5692
trajectory\+bmtpEngine\createConstantJerkPowerCoefficients.m,ebeef176fc0cb0627f75cd1ce51dfc18c8b0a0733972d73e7ed1fc3f93d78191,2207
trajectory\+bmtpEngine\createCoordinateTolerances.m,40a7e7323279de61eb9e2b09e6d4974f5354379cb9b4dd275a2c718806d3145e,2867
trajectory\+bmtpEngine\createDirectMotion.m,63e9d8751860d26cd956560da6ba4d106f7c7ce172f8b21283b93a3764dd00da,16265
trajectory\+bmtpEngine\createMotionOutput.m,a8764723de65290722445a3d81642c1ee187cd90b591888fba0ae98f0d6e84e3,3403
trajectory\+bmtpEngine\createMotionRecord.m,192c69530f0016741008e4c1e1bae3a393fe17abd88fadaefe67ef677aa83d48,9878
trajectory\+bmtpEngine\createOffsetSplineMotion.m,3aebb67989f0e6354720964437a26cba3b3c14b822f82df11a792841c80a2e6e,9197
trajectory\+bmtpEngine\createPowerPolynomial.m,4f3ad1489bb95d1f247a1b43951094b7c9db02af0613732a8ce462925fe21620,4767
trajectory\+bmtpEngine\createSolveRequest.m,779bfffb69e05cda69fdb6a0ee02ad515a0701c41e77d2add9f9ad5a548f2fef,8881
trajectory\+bmtpEngine\createWarmStart.m,928f21973bac07ffa718cedf46bbcca8d16d4c5ea63d2f6c858a4bdab6d1775c,9544
trajectory\+bmtpEngine\evaluatePolynomial.m,c72e9b9646b44afdc859582ff3f92699293922832a3171992604ba5c0ace6ded,3811
trajectory\+bmtpEngine\findRequiredSegmentTime.m,147b90e9f2867e639713442c1ec040804540cfdf3e801c3376254cac3ed9f309,1704
trajectory\+bmtpEngine\findSampledObstacleOverlaps.m,6db7fcc6379be896df57a568f12b8fd7ffbfa2a75a2ff2e356d71528413c59e5,3219
trajectory\+bmtpEngine\maximumRestToRestDistance.m,00c28c48bcfa5d19c477fe4f2dff0839c97bb7e8ba56ff91ce86055a4b1da42d,3210
trajectory\+bmtpEngine\prepareFinalMotion.m,0962385d0e21bf45c262dd2382eb5fe78dfd008c0b6446b004620cc98cc618f2,5415
trajectory\+bmtpEngine\refineTravel.m,c438c87eabc1cfdaecb180663d270f4016791a0b0a54d41cb899ec58085989cb,6063
trajectory\+bmtpEngine\solve.m,8a3392b7780bf708ff405d8774d527c986d007864f9e96d8cbf4cb49286679ff,11220
trajectory\+bmtpEngine\solveAlternatingTrajectory.m,6888bb5776b57f9fc1a9ea5cec5285dec7628ee011b5cc9c91e67ce721abe218,8391
trajectory\+bmtpEngine\solveSeparatingLine.m,5409627326c80e8e7cb4ea202c530e878d8c8c1dfa95cb91d982a21e5caffcf4,4113
trajectory\+bmtpEngine\solveTrajectoryStep.m,9fd580c9653984be77b242d18c57e04422120f9d809e840c503c8e2c7269c757,11266
trajectory\+bmtpEngine\verifySeparatingLine.m,2698061f107f4e444fcbd8a2819be4917a970b51edd9cbb706e3f811b7b3a3fa,3657
trajectory\+ruckigEngine\checkEligibility.m,9f9f04a8a1a588b73203c6dd5f503072e88630e0ddd159d62cc57b18dd9a6898,3368
trajectory\+ruckigEngine\createFixedTimeAxisProfile.m,8928c96fab2800166543f9e92e0c7d49c84ad160965867539ca20e67a86a30f5,27796
trajectory\+ruckigEngine\createMinimumTimeAxisProfile.m,2cea451f04dfd34e9af6d88f52f4ac9494fea9296028455097f68d14f14b8f68,21849
trajectory\+ruckigEngine\createRestToRestJerkProfile.m,13c15c038ed195696348292638cbce26a3db1ec82923a5003c5a09324d600b59,7401
trajectory\+ruckigEngine\createSynchronizedAccelerationMotion.m,24bd25b30ddbd9e605091ee6b01000419a366bd4395554644055908a5742c52a,19132
trajectory\+ruckigEngine\createSynchronizedJerkProfile.m,baf51c9e04c75e1338a013798efaaf5bd236834c0ad411f4eb9b26b43b7b00b3,19763
trajectory\+ruckigEngine\createSynchronizedMotion.m,cb22d445cb145b79668e362042eb057b479749c1d1dd05e51ea7bd52f4facb75,8024
trajectory\+ruckigEngine\defaultOptions.m,b57f26eb971f254f2c9aaa4967dee6c36860650f42172908254c77e63ce028c5,1010
trajectory\+ruckigEngine\evaluateAxisSwitchingProfile.m,bcd9f5340e9a6d28af7230cf4cc19d00fc9b0084f3c43655b692091561251bd2,6806
trajectory\+ruckigEngine\solve.m,8ff54fd10dd8793e63c6d344df925bdd069a103fbfdfa2c61780ae4aba2235e5,11831
trajectory\+ruckigEngine\+internal\checkPolynomialRange.m,929705d1841caf5eef7eed7bc22c8efa796e3bfc40a7667438493e45eee70e24,6657
trajectory\+ruckigEngine\+internal\createEmptyResult.m,5ea2b4f74a8465dcc0542bc922e335bb9d4ac5f18cadba045506606d60a39836,2082
trajectory\+ruckigEngine\+internal\evaluatePolynomial.m,d38afaddbc564aeea42fa328167d44877ae9587e9aeb19e15deef5d31c53310d,3371
trajectory\+ruckigEngine\+internal\evaluatePolynomialConstraints.m,f8154b40132f81d094c8acbce47ee12b919dcab209db1636455ef2db0e18450b,6054
trajectory\+ruckigEngine\+internal\normalizeRequest.m,dc98efe8216d1d304f4d1b55b3ca26a064660af4f23a46d711651e81d3272d51,10238
trajectory\+ruckigEngine\+internal\safeSqrt.m,0beb397f0e12f1b7c2fa7e48b118491be3aec1017ae738ff4b5db0d1eeca2b08,1183
trajectory\+ruckigEngine\+internal\validateResult.m,0c784e9c36c2c57d2cc376a101ec661d122b9a83674300858f960bc971e510d8,4740
examples\exampleAlternatingSlalom.m,276587bcbae504c5a0087b7a5161dd41027488eb3413aa2dff55a6eb7d4935f0,3771
examples\exampleDenseConcaveObstacle.m,71ee97a9d8f1369abfd7f27c0cca592838d43171db10d34c01a159e3928ea57c,3369
examples\exampleFourAcceleratingCircles.m,7f53e58060bbbcd2ebb45a06a71a21211a43123e5de193cc8beca9c843ed7109,11406
examples\exampleInterceptMovingTargetAtSetTime.m,b96866b6dc0e76e560e596389d544e11ea9487e1f78fd6a548adc58b18fd8269,4388
examples\exampleInterceptMovingTargetEarliest.m,aaeb9d7ed1868e91a1acedc2a8bfbfc8eb655886e200dcf0cbe810b003ccf91c,3392
examples\exampleMovingBarrierWait.m,b456feadeef250316fff36fd288c5b08ea816bdb45268666bc7973c4767556ad,4504
examples\exampleMovingCircleNoAzimuthWrap.m,c9016e338a7196bb94a2e8ee231b18ac6744fb2ab672e8ede4e0069f946fdaf4,3560
examples\exampleMovingDeformingUSOutlineVisibility.m,2c72d500124928658e15029e687a929db97868c1d65a03b3fcc0ede2fb304dfd,7550
examples\exampleMovingRotatingObstacleField.m,2cd74b2b273512858c4e38983275ae1e95d23746658da224e54439d58b430d0e,4779
examples\exampleNoPath.m,f98b68643fd636cc21f36de865946cc64266e261fde10b0b19bc529a188384f0,3770
examples\exampleObstacleAvoidance.m,eacd1a4a33465ce563c99ec9769d1a43d7beaab7fd6ad7ea5a5bb0eb988d9014,3059
examples\exampleObstacleFree.m,0b334b806c3a61772ffdb188997670be13317a2ba3e60b24d421ccb614cddcc8,2922
examples\exampleOpeningUShapedObstacle.m,e92b0d629cd25b5df8268b0defb0644797834fd464fdb091b6d3bf777a4aa06d,7347
examples\exampleStaticUShapedObstacle.m,aafbed92789647a9e3a9d222c7dbfc6371336ac39a498a9ffd5f9c2465426344,3258
examples\exampleStraightTargetAlternatingOcclusion.m,f333dba0fd0e5de6bca3ac8f9e916f3ebba767ab08c724425f3d2dc0a7f5f6d7,11094
examples\exampleTargetExitsObstacle.m,53af9d3db3e0183bdfe02db6a1cf490e9435634b505658b5b435b5436d47dd05,8019
examples\exampleTwoOpposingUVisibilityGraph.m,7284ccc3a28608aacc2fabf61c802b865e56421cf77d3de164bb7f2e080b77d7,3534
examples\exampleUSOutlineExtremeVisibility.m,2086bae6e46658ff4d69502f6527953a8092b069bc874427afa13c46e19e5bfc,4871
examples\resolveExampleOptions.m,d0dd0668eeffa65a886e0560426b38f57a6f7d2651df21f5c26d00a6af6cb49a,8666
examples\validateExampleResult.m,c7935a893b1c1b5bc15e0ffbd36913537e8f3c20f18b5160dcd97fc4bda3b2a6,8270
examples\private\createContiguousUSObstacle.m,56bd11a45e1acb08eacd3491737a75ef96477881431f3461cda52e11e7a8c7a0,9318
examples\private\createGeographicRegionObstacle.m,ec11c75cf377b601d0ce73f9b8838cc6df5a38746274e27a4297dd28948f8410,13351
